<?xml version="1.0" encoding="UTF-8"?>
<project-private xmlns="http://www.netbeans.org/ns/project-private/1">
    <editor-bookmarks xmlns="http://www.netbeans.org/ns/editor-bookmarks/2" lastBookmarkId="0"/>
    <open-files xmlns="http://www.netbeans.org/ns/projectui-open-files/2">
        <group>
            <file>file:/C:/Users/Hameed/Desktop/Java%20Work/2023/Semester%202/ICE%20TASK%201%20S2%202023/src/ice/task/pkg1/s2/pkg2023/Bird.java</file>
            <file>file:/C:/Users/Hameed/Desktop/Java%20Work/2023/Semester%202/ICE%20TASK%201%20S2%202023/src/ice/task/pkg1/s2/pkg2023/Reptile.java</file>
            <file>file:/C:/Users/Hameed/Desktop/Java%20Work/2023/Semester%202/ICE%20TASK%201%20S2%202023/src/ice/task/pkg1/s2/pkg2023/Animal.java</file>
            <file>file:/C:/Users/Hameed/Desktop/Java%20Work/2023/Semester%202/ICE%20TASK%201%20S2%202023/src/ice/task/pkg1/s2/pkg2023/ICETASK1S22023.java</file>
        </group>
    </open-files>
</project-private>
